coso,publisher,site,canal,format,position,origen
"H2nAA81NqR","canarias7","canarias7","any","display","ldb","richaudience"
"tv01pjNpIi","canarias7","canarias7","any","display","ldb.2","richaudience"
"mV8Kudono7","canarias7","canarias7","any","display","ldb.3","richaudience"
"0tLS09t90L","canarias7","canarias7","any","display","ldb.4","richaudience"
"3sY7oIt6tC","canarias7","canarias7","any","display","ldb.5","richaudience"
"EYuOmoFxy7","canarias7","canarias7","any","display","ldb_local","richaudience"
"nCZlWsI34k","canarias7","canarias7","any","display","mpu","richaudience"
"NybSiFG6Kh","canarias7","canarias7","any","display","mpu.10","richaudience"
"jDNyOGVy15","canarias7","canarias7","any","display","mpu.2","richaudience"
"ciNhrFMt7G","canarias7","canarias7","any","display","mpu.3","richaudience"
"Dwg9XLUCdp","canarias7","canarias7","any","display","mpu.4","richaudience"
"yoZvUOOva6","canarias7","canarias7","any","display","mpu.5","richaudience"
"jWtC2n3CBd","canarias7","canarias7","any","display","mpu.6","richaudience"
"vJniMuXgqG","canarias7","canarias7","any","display","mpu.7","richaudience"
"8akBUahtH3","canarias7","canarias7","any","display","mpu.8","richaudience"
"DFF5E2KhlQ","canarias7","canarias7","any","display","mpu.9","richaudience"
"oTW7CCKR78","canarias7","canarias7","any","display","mpu_local","richaudience"
"bTUBWt60JO","canarias7","canarias7","any","display","mpu_local.10","richaudience"
"zSJ4rKqc5X","canarias7","canarias7","any","display","mpu_local.2","richaudience"
"zIn9wb8Jkn","canarias7","canarias7","any","display","mpu_local.3","richaudience"
"7f72IWTQZU","canarias7","canarias7","any","display","mpu_local.4","richaudience"
"j4cazVft87","canarias7","canarias7","any","display","mpu_local.5","richaudience"
"fmKXBK4A7y","canarias7","canarias7","any","display","mpu_local.6","richaudience"
"0ILtyrKVtj","canarias7","canarias7","any","display","mpu_local.7","richaudience"
"17xePIKGNT","canarias7","canarias7","any","display","mpu_local.8","richaudience"
"CYkWg4djKo","canarias7","canarias7","any","display","mpu_local.9","richaudience"
"gIBR2zCSl5","canarias7","canarias7","any","display","skyd","richaudience"
"r3uRjschdx","canarias7","canarias7","any","display","skyi","richaudience"
"7W7BRXeD8w","canarias7","canarias7","any","instream","Posv","richaudience"
"mpMCSnCPPC","canarias7","canarias7","any","instream","Prev","richaudience"
"xXxdxtE2Ni","canarias7","canarias7","any","outstream","Outv","richaudience"
"5gmBTLwygk","canarias7","canarias7","any","skin","Skin","richaudience"
"3kD2CDEr07","canarias7","canarias7","any","skin","Skin","richaudience"
"2WplAcrlq3","godo","lavanguardia","mob","display","ldb","richaudience"
"zazeqaSW8T","godo","lavanguardia","mob","display","ldb","richaudience"
"1iScLPMoLo","godo","lavanguardia","mob","display","mpu.1","richaudience"
"0LKk8ZKsTf","godo","lavanguardia","mob","display","mpu.10","richaudience"
"0dt7sVXAXR","godo","lavanguardia","mob","display","mpu.11","richaudience"
"1dYSB4uSs8","godo","lavanguardia","mob","display","mpu.12","richaudience"
"iVLqbdb8dr","godo","lavanguardia","mob","display","mpu.13","richaudience"
"1Eue8W2XfG","godo","lavanguardia","mob","display","mpu.2","richaudience"
"9Mi63k6CIa","godo","lavanguardia","mob","display","mpu.2","richaudience"
"WmnO7luEEZ","godo","lavanguardia","mob","display","mpu.3","richaudience"
"uqeSuo1iCI","godo","lavanguardia","mob","display","mpu.3","richaudience"
"1HqXv4JGtq","godo","lavanguardia","mob","display","mpu.4","richaudience"
"sM86itsoVd","godo","lavanguardia","mob","display","mpu.4","richaudience"
"0VXyKbIyBV","godo","lavanguardia","mob","display","mpu.5","richaudience"
"Esz4Y4xsRT","godo","lavanguardia","mob","display","mpu.5","richaudience"
"8Up4VbOvxw","godo","lavanguardia","mob","display","mpu.6","richaudience"
"0eh28AwGfD","godo","lavanguardia","mob","display","mpu.6","richaudience"
"skrDZG7x5f","godo","lavanguardia","mob","display","mpu.7","richaudience"
"1MTEl2BtLf","godo","lavanguardia","mob","display","mpu.7","richaudience"
"11BVZNSVvd","godo","lavanguardia","mob","display","mpu.8","richaudience"
"4HmdVOw4LP","godo","lavanguardia","mob","display","mpu.9","richaudience"
"J7ntSKA2nG","godo","lavanguardia","mob","skin","Skin","richaudience"
"0luQ9GFiqk","godo","lavanguardia","any","outstream","Outv","richaudience"
"K9mdfgirpV","godo","lavanguardia","any","skin","Skin","richaudience"
"UpGPgP696C","godo","lavanguardia_cribeo","any","skin","Skin","richaudience"
"9oLiXqxiiP","godo","lavanguardia","web","display","ldb.3","richaudience"
"1hU6GWiQZu","godo","lavanguardia","web","display","ldb.5","richaudience"
"xKkU2p5DlA","godo","lavanguardia","web","display","ldb.8","richaudience"
"gYcNhcr7z0","godo","lavanguardia","web","display","ldb","richaudience"
"1ac66J5eV7","godo","lavanguardia","web","display","ldb.7","richaudience"
"0uAdnzjo05","godo","lavanguardia","web","display","ldb.2","richaudience"
"0gbSOXcTXx","godo","lavanguardia","web","display","ldb.1","richaudience"
"3YavmsRoAV","godo","lavanguardia","web","display","ldb.6","richaudience"
"115wqau7DF","godo","lavanguardia","web","display","ldb.4","richaudience"
"0a4X7x8kWe","godo","lavanguardia","web","display","mpu.1","richaudience"
"IQsZXMpESm","godo","lavanguardia","web","display","mpu.1","richaudience"
"01w6zcKPjG","godo","lavanguardia","web","display","mpu.2","richaudience"
"03UlGeIvew","godo","lavanguardia","web","display","mpu.2","richaudience"
"Q1qjK4kNpc","godo","lavanguardia","web","display","mpu.3","richaudience"
"0BMv1ous7m","godo","lavanguardia","web","display","mpu.3","richaudience"
"HwxWhJUFTR","godo","lavanguardia","web","display","mpu.4","richaudience"
"0FSf6G8LNU","godo","lavanguardia","web","display","mpu.4","richaudience"
"1w9q14uECq","godo","lavanguardia","web","display","mpu.5","richaudience"
"1V6TlpIAyx","godo","lavanguardia","web","display","mpu.5","richaudience"
"1DjpG5ZjF4","godo","lavanguardia","web","display","mpu.6","richaudience"
"nb7ircmaF3","godo","lavanguardia","web","display","mpu.6","richaudience"
"x6jxvf85IP","godo","lavanguardia","web","display","mpu.7","richaudience"
"zRcz6ntV3o","godo","lavanguardia","web","display","skyd","richaudience"
"1blTAwlEZN","godo","lavanguardia","web","display","skyi","richaudience"
"08ppWwyEtS","godo","mundodeportivo","mob","display","ldb.1","richaudience"
"Cvb0OrG7Ml","godo","mundodeportivo","mob","display","ldb.6","richaudience"
"1CUYEBIMx2","godo","mundodeportivo","mob","display","ldb.1","richaudience"
"IHPer9h6qW","godo","mundodeportivo","mob","display","ldb.2","richaudience"
"19EBDOvQXA","godo","mundodeportivo","mob","display","ldb.2","richaudience"
"fQ2hGYPJ2A","godo","mundodeportivo","mob","display","mpu.1","richaudience"
"po0THVsqGE","godo","mundodeportivo","mob","display","mpu.1","richaudience"
"1eGTgqYwf0","godo","mundodeportivo","mob","display","mpu.2","richaudience"
"be9XpBlKAp","godo","mundodeportivo","mob","display","mpu.2","richaudience"
"XSOHURlNFT","godo","mundodeportivo","mob","display","mpu.3","richaudience"
"1V4eBKlEt3","godo","mundodeportivo","mob","display","mpu.3","richaudience"
"0WECYzaivW","godo","mundodeportivo","mob","display","mpu.4","richaudience"
"NwQxyi3XX3","godo","mundodeportivo","mob","display","mpu.4","richaudience"
"0RoTWffp9O","godo","mundodeportivo","mob","display","mpu.5","richaudience"
"hNtWdnrDcJ","godo","mundodeportivo","mob","display","mpu.6","richaudience"
"7Go4dCRc0Y","godo","mundodeportivo","mob","display","mpu.7","richaudience"
"GzRZ8uIMxr","godo","mundodeportivo","mob","skin","Skin","richaudience"
"UMvhDrwIC4","godo","mundodeportivo","any","outstream","Outv","richaudience"
"03BPAkk0oR","godo","mundodeportivo","any","skin","Skin","richaudience"
"0I0VGnIlb5","godo","mundodeportivo","web","display","ldb.1","richaudience"
"qlSJg44Pyu","godo","mundodeportivo","web","display","ldb.2","richaudience"
"V2e8FnYgKl","godo","mundodeportivo","web","display","ldb.1","richaudience"
"cnhwmr2wSu","godo","mundodeportivo","web","display","ldb.5","richaudience"
"059qi4Os3b","godo","mundodeportivo","web","display","ldb.2","richaudience"
"0DkVEDeIxg","godo","mundodeportivo","web","display","ldb.3","richaudience"
"18VOZbbKwF","godo","mundodeportivo","web","display","ldb.6","richaudience"
"QRCUGvZozb","godo","mundodeportivo","web","display","ldb.4","richaudience"
"qmCYMFzNme","godo","mundodeportivo","web","display","mpu.1","richaudience"
"HHubsNBAQI","godo","mundodeportivo","web","display","mpu.1","richaudience"
"Eyssd3Bsle","godo","mundodeportivo","web","display","mpu.2","richaudience"
"nEK1Hu06pG","godo","mundodeportivo","web","display","mpu.2","richaudience"
"1pZtogTGEe","godo","mundodeportivo","web","display","mpu.3","richaudience"
"uYUSd6sZpF","godo","mundodeportivo","web","display","mpu.3","richaudience"
"jmKefc5eTH","godo","mundodeportivo","web","display","mpu.4","richaudience"
"bDTw73zUx8","godo","mundodeportivo","web","display","mpu.5","richaudience"
"1mUPcvLG4M","godo","mundodeportivo","web","display","mpu.6","richaudience"
"BI9JvErlzd","godo","mundodeportivo","web","display","skyd","richaudience"
"1CAKqdjEMG","godo","mundodeportivo","web","display","skyi","richaudience"
"6uoPgbnQVh","godo","rac1","any","outstream","Outv","richaudience"
"174JHZMurE","godo","rac1","any","skin","Skin","richaudience"
"hKeXAjFkBB","hola","hola","any","display","ldb.2","richaudience"
"NikDxivtnz","hola","hola","any","display","ldb.2","richaudience"
"nUTkpbWz01","hola","hola","any","display","ldb.2","richaudience"
"HqxhIRTgPt","hola","hola","any","display","ldb.2","richaudience"
"f21kpUQ1sH","hola","hola","any","display","ldb.2","richaudience"
"1GjYB9tWcT","hola","hola","any","display","ldb.2","richaudience"
"3eVGIfos3m","hola","hola","any","display","ldb.2","richaudience"
"5fOXj24vu2","hola","hola","any","display","ldb","richaudience"
"kSZERnGJoz","hola","hola","any","display","ldb_galerias","richaudience"
"JVVlIN5Wly","hola","hola","any","display","ldb","richaudience"
"mBNRxX6ONe","hola","hola","any","display","ldb_galerias","richaudience"
"mnDXJgcmd6","hola","hola","any","display","ldb","richaudience"
"2RDDrhEYD0","hola","hola","any","display","ldb_galerias","richaudience"
"MBGYhptYKf","hola","hola","any","display","ldb","richaudience"
"gULz3lxTqk","hola","hola","any","display","ldb","richaudience"
"UnmvJxfMSF","hola","hola","any","display","ldb_galerias","richaudience"
"T7ltVCckSz","hola","hola","any","display","ldb","richaudience"
"7qyaK7ahE4","hola","hola","any","display","ldb_galerias","richaudience"
"CrZYIqO8w0","hola","hola","any","display","ldb","richaudience"
"tPzhoJY0lS","hola","hola","any","display","ldb_galerias","richaudience"
"dkHMop5HxE","hola","hola","any","display","mpu","richaudience"
"J4nFmuxNTa","hola","hola","any","display","mpu.2","richaudience"
"A736jACuvK","hola","hola","any","display","mpu_galerias","richaudience"
"msJJ9lDxLq","hola","hola","any","display","mpu","richaudience"
"uDNRj8NqJw","hola","hola","any","display","mpu.2","richaudience"
"310nSZO8eR","hola","hola","any","display","mpu_galerias","richaudience"
"mMD4sZNnYF","hola","hola","any","display","mpu","richaudience"
"JPw8ApOCLb","hola","hola","any","display","mpu.2","richaudience"
"Qw4Wj7xLlu","hola","hola","any","display","mpu_galerias","richaudience"
"6TtJ9YynUc","hola","hola","any","display","mpu","richaudience"
"RMIGISVMMy","hola","hola","any","display","mpu.2","richaudience"
"1ikPRHrfAL","hola","hola","any","display","mpu","richaudience"
"G51Ku8izIh","hola","hola","any","display","mpu.2","richaudience"
"CbOXgiMghL","hola","hola","any","display","mpu_galerias","richaudience"
"B5shV9Pt73","hola","hola","any","display","mpu","richaudience"
"Geq8dq7pSF","hola","hola","any","display","mpu.2","richaudience"
"nTiZuxkTJb","hola","hola","any","display","mpu_galerias","richaudience"
"ieyo02k9I8","hola","hola","any","display","mpu","richaudience"
"pp1kWbXN8m","hola","hola","any","display","mpu.2","richaudience"
"qKE42xKDn8","hola","hola","any","display","mpu_galerias","richaudience"
"yImQ9M0IKV","hola","hola","mob","display","ldb","richaudience"
"slJXz5NaVU","hola","hola","mob","display","ldb_tablet","richaudience"
"dDMQqT27pF","hola","hola","mob","display","ldb_tablet.2","richaudience"
"YErH49Oc6y","hola","hola","mob","display","ldb.2","richaudience"
"MBcyeF7p5p","hola","hola","mob","display","mpu","richaudience"
"nYijkupSiM","hola","hola","mob","display","mpu_tablet","richaudience"
"aRN17zx7ND","hola","hola","mob","display","mpu.2","richaudience"
"KstklSXhYp","hola","hola","mob","display","mpu_tablet.2","richaudience"
"Ho2vKDK2Os","hola","hola","any","outstream","Outv","richaudience"
"p1e6l3ogM6","hola","hola","any","skin","Skin","richaudience"
"uWeUJ5K5Jh","hola","hola","any","skin","Skin","richaudience"
"Zolr30KmI7","hola","hola","web","display","ldb","richaudience"
"XmfhzzQh8a","hola","hola","web","display","ldb.2","richaudience"
"ycgl113avg","hola","hola","web","display","mpu","richaudience"
"CG2S95kKMQ","hola","hola","web","display","mpu.2","richaudience"
"TsnpWFzteF","hola","tuotrodiario","any","display","ldb","richaudience"
"NknpYk1tMK","hola","tuotrodiario","any","display","ldb_galerias","richaudience"
"lXwxIJMxEF","hola","tuotrodiario","any","display","ldb.2","richaudience"
"SSFJFbTRYP","hola","tuotrodiario","any","display","mpu","richaudience"
"r6UGrnEIxX","hola","tuotrodiario","any","display","mpu.2","richaudience"
"z6SXbIDZbn","hola","tuotrodiario","any","display","mpu_galerias","richaudience"
"bTDf6ciRkM","hola","tuotrodiario","mob","display","ldb_tablet","richaudience"
"mONKAFMDus","hola","tuotrodiario","mob","display","ldb","richaudience"
"8HPwb6BD2B","hola","tuotrodiario","mob","display","ldb_tablet.2","richaudience"
"QicqqojMjM","hola","tuotrodiario","mob","display","ldb.2","richaudience"
"AekaWVZy2k","hola","tuotrodiario","mob","display","mpu_tablet","richaudience"
"HPR0lAW1pD","hola","tuotrodiario","mob","display","mpu","richaudience"
"g5YKAUoriB","hola","tuotrodiario","mob","display","mpu_tablet.2","richaudience"
"70OROdFZNp","hola","tuotrodiario","mob","display","mpu.2","richaudience"
"w6mq9AxIT7","hola","tuotrodiario","any","outstream","Outv","richaudience"
"ewkdCatsul","hola","tuotrodiario","any","skin","Skin","richaudience"
"6whbDoN7NZ","hola","tuotrodiario","web","display","ldb","richaudience"
"3Zndx4U35d","hola","tuotrodiario","web","display","ldb.2","richaudience"
"U2tmsy2rHL","hola","tuotrodiario","web","display","mpu","richaudience"
"MgZzu8w2qi","hola","tuotrodiario","web","display","mpu.2","richaudience"
"t1CdJoAmbT","lavozdegalicia","lavozdeasturias","any","display","ldb","richaudience"
"0cFy5ot75e","lavozdegalicia","lavozdeasturias","any","display","mpu","richaudience"
"PXzN7F9llh","lavozdegalicia","lavozdeasturias","mob","skin","Skin","richaudience"
"wLrGFovExI","lavozdegalicia","lavozdeasturias","any","outstream","Outv","richaudience"
"24tx4Rf2mh","lavozdegalicia","lavozdeasturias","any","skin","Skin","richaudience"
"07Qf7wKBf0","lavozdegalicia","lavozdegalicia","any","display","ldb","richaudience"
"1bYNKf3DQV","lavozdegalicia","lavozdegalicia","any","display","mpu","richaudience"
"WRhfEr335o","lavozdegalicia","lavozdegalicia","mob","skin","Skin","richaudience"
"EU3nGC1Nxo","lavozdegalicia","lavozdegalicia","any","outstream","Outv","richaudience"
"xkNTva5uJd","lavozdegalicia","lavozdegalicia","any","skin","Skin","richaudience"
"1S32tO7cz7","prisa","as_ejerciciosencasa","any","outstream","Outv","richaudience"
"075jR5c7pu","prisa","as","any","display","ldb.1","richaudience"
"B37DiCwuGN","prisa","as","any","display","mpu.1","richaudience"
"0u099sUMKV","prisa","as","any","instream","Prev","richaudience"
"iejzG2CYtd","prisa","as","any","instream","Prev","richaudience"
"tNV5Zi3UXz","prisa","as","mob","display","ldb.1","richaudience"
"1iJQiE90RF","prisa","as","mob","display","ldb.2","richaudience"
"0wfABSpnQ4","prisa","as","mob","display","ldb.3","richaudience"
"07eQC0xEp7","prisa","as","mob","display","ldb.4","richaudience"
"7OswqqfzeV","prisa","as","mob","display","ldb.5","richaudience"
"eEHTtRzxEp","prisa","as","mob","display","mpu.1","richaudience"
"076sWuKUWo","prisa","as","mob","display","mpu.2","richaudience"
"6e2UDu6Rww","prisa","as","mob","display","mpu.3","richaudience"
"1RowDajQWT","prisa","as","mob","display","mpu.4","richaudience"
"0NmlzMiuir","prisa","as","mob","display","mpu.5","richaudience"
"1XWq009vz1","prisa","as","mob","display","mpu.6","richaudience"
"XRtCAkkp7P","prisa","as","mob","skin","Skin","richaudience"
"003VxRB05Q","prisa","as","any","outstream","Outv","richaudience"
"0Hw8a8OAy5","prisa","as","any","outstream","Outv","richaudience"
"0iXue1tNCg","prisa","as","any","outstream","Outv","richaudience"
"1ELx6Fey8d","prisa","as","any","outstream","Outv","richaudience"
"0yCp7Xq01j","prisa","as","any","outstream","Outv","richaudience"
"077DeGOii3","prisa","as","any","skin","Skin","richaudience"
"mATbaKS6rc","prisa","as","web","display","ldb.1","richaudience"
"1yNjFrmaBX","prisa","as","web","display","ldb.2","richaudience"
"0UOenPkJY9","prisa","as","web","display","ldb.3","richaudience"
"1J4I6JdXLR","prisa","as","web","display","ldb.4","richaudience"
"ljRqZgaK2I","prisa","as","web","display","ldb.5","richaudience"
"1MUnsXxG57","prisa","as","web","display","mpu.1","richaudience"
"1bJr8KO3vw","prisa","as","web","display","mpu.2","richaudience"
"WZhgklAxAW","prisa","as","web","display","mpu.3","richaudience"
"1wmoqUnhUS","prisa","as","web","display","mpu.4","richaudience"
"bDZT4dOccN","prisa","as","web","display","mpu.5","richaudience"
"JtkMycb1Ae","prisa","as","web","display","mpu.6","richaudience"
"rj7bD40OAO","prisa","biwenger_nba","any","display","ldb","richaudience"
"0kbOnAUX0f","prisa","biwenger_nba","mob","display","ldb","richaudience"
"wTRz2k1dnk","prisa","biwenger_nba","any","display","mpu","richaudience"
"ye6NyjhaB4","prisa","biwenger_nba","web","skin","Skin","richaudience"
"7KEsFCDARy","prisa","biwenger","any","display","ldb","richaudience"
"16lWdaGMzz","prisa","biwenger","any","display","mpu","richaudience"
"ZnrjTSvklL","prisa","biwenger","mob","skin","Skin","richaudience"
"8ljJBhH6TS","prisa","biwenger","any","outstream","Outv","richaudience"
"uYmqmGDOho","prisa","biwenger","web","skin","Skin","richaudience"
"zvdwxIJx4l","prisa","cadenadial","any","display","ldb.1","richaudience"
"1U377cQyID","prisa","cadenadial","mob","display","ldb.1","richaudience"
"1lLxz4cgzb","prisa","cadenadial","any","display","ldb.2","richaudience"
"ac4wnDG6rw","prisa","cadenadial","mob","display","ldb.2","richaudience"
"8zsnC54yyk","prisa","cadenadial","any","display","mpu.1","richaudience"
"1Qd7VLwdC5","prisa","cadenadial","any","display","mpu.2","richaudience"
"0PmjbTfyD3","prisa","cadenadial","any","instream","Prev","richaudience"
"RNYo1SWiqz","prisa","cadenadial","mob","skin","Skin","richaudience"
"zOKIMwoca8","prisa","cadenadial","any","outstream","Outv","richaudience"
"cNJKkskeSr","prisa","cadenadial","web","skin","Skin","richaudience"
"XgL5j0fJH4","prisa","cadenaser","mob","display","ldb.1","richaudience"
"auj7odA9sM","prisa","cadenaser","any","display","ldb.1","richaudience"
"1eHIhrEWcH","prisa","cadenaser","any","display","ldb.2","richaudience"
"ecJvD6PgJi","prisa","cadenaser","any","display","mpu.1","richaudience"
"0tg315F7gv","prisa","cadenaser","any","instream","Prev","richaudience"
"09aXS5W5gA","prisa","cadenaser","mob","display","ldb.1","richaudience"
"Ofpr9zosQD","prisa","cadenaser","mob","display","ldb.2","richaudience"
"rqG2K9qI9S","prisa","cadenaser","mob","display","ldb.5","richaudience"
"Nr4dVkpwcN","prisa","cadenaser","mob","display","mpu.1","richaudience"
"0TLAUszklo","prisa","cadenaser","mob","display","mpu.2","richaudience"
"0i4Os2ngpL","prisa","cadenaser","mob","display","mpu.3","richaudience"
"0mEaJi7Jea","prisa","cadenaser","mob","display","mpu.4","richaudience"
"k1hv9kIsms","prisa","cadenaser","mob","display","mpu.5","richaudience"
"jPgJtyOt9L","prisa","cadenaser","mob","display","mpu.6","richaudience"
"8B8fL5tvw7","prisa","cadenaser","mob","skin","Skin","richaudience"
"GUi5RMP4iW","prisa","cadenaser","any","outstream","Outv","richaudience"
"0lulGyYfNn","prisa","cadenaser","any","outstream","Outv","richaudience"
"SNBpGS4JJ5","prisa","cadenaser","any","outstream","Outv","richaudience"
"K1qUgdCoGh","prisa","cadenaser","any","skin","Skin","richaudience"
"0Cw1gGvBwQ","prisa","cadenaser","any","skin","Skin","richaudience"
"FCJVEBDJZh","prisa","cadenaser","web","display","ldb.1","richaudience"
"1srMMnH9wC","prisa","cadenaser","web","display","ldb.3","richaudience"
"0O8xHqrkP9","prisa","cadenaser","web","display","ldb.4","richaudience"
"1CaNvmq8mD","prisa","cadenaser","web","display","ldb.5","richaudience"
"0Dq9Z1TaHY","prisa","cadenaser","web","display","mpu.1","richaudience"
"RjeroGEim3","prisa","cadenaser","web","display","mpu.2","richaudience"
"j32G1bOTi0","prisa","cadenaser","web","display","mpu.3","richaudience"
"FdiepqghRx","prisa","cadenaser","web","display","mpu.4","richaudience"
"yxaQn1Rped","prisa","cadenaser","web","display","mpu.5","richaudience"
"0tnrMhQdYo","prisa","cadenaser","web","display","mpu.6","richaudience"
"1Hgtij3uTF","prisa","elpais_finanzas_cincodias_euribor","mob","display","ldb.1","richaudience"
"0hf1LcRc5y","prisa","elpais_finanzas_cincodias_euribor","mob","display","ldb.2","richaudience"
"CezAPJXMnM","prisa","elpais_finanzas_cincodias_euribor","mob","display","mpu.1","richaudience"
"1XMm6pJRRy","prisa","elpais_finanzas_cincodias_euribor","mob","display","mpu.2","richaudience"
"1CGErHqSTr","prisa","elpais_finanzas_cincodias_euribor","mob","display","mpu.3","richaudience"
"0XNQCVe997","prisa","elpais_finanzas_cincodias_euribor","mob","display","mpu.4","richaudience"
"1MEOQBqNuU","prisa","elpais_finanzas_cincodias_euribor","mob","display","mpu.5","richaudience"
"XMAl14oTzc","prisa","elpais_finanzas_cincodias_euribor","mob","display","stk","richaudience"
"0efiLPQFoH","prisa","elpais_finanzas_cincodias_euribor","any","outstream","Outv","richaudience"
"1RCCkAzT2X","prisa","elpais_finanzas_cincodias_euribor","any","skin","Skin","richaudience"
"1D58gKxP8E","prisa","elpais_finanzas_cincodias_euribor","web","display","ldb.1","richaudience"
"oTdHuLvBBN","prisa","elpais_finanzas_cincodias_euribor","web","display","ldb.2","richaudience"
"3KURYQrHSv","prisa","elpais_finanzas_cincodias_euribor","web","display","mpu.1","richaudience"
"0ZjFwlHYwe","prisa","elpais_finanzas_cincodias_euribor","web","display","mpu.2","richaudience"
"KonLDs3gbW","prisa","elpais_finanzas_cincodias_euribor","web","display","mpu.3","richaudience"
"0hFpuTA7uV","prisa","elpais_finanzas_cincodias_euribor","web","display","mpu.4","richaudience"
"0LPYhzkdja","prisa","elpais_finanzas_cincodias_euribor","web","display","mpu.5","richaudience"
"VqXUjH4xqN","prisa","as_esports","mob","skin","Skin","richaudience"
"0HynQEw431","prisa","as_esports","any","outstream","Outv","richaudience"
"B9sES8ZU5X","prisa","elpais_buenavida","any","outstream","Outv","richaudience"
"0a8fbXU4cI","prisa","elpais_cat","any","outstream","Outv","richaudience"
"fk91K8NsW7","prisa","elpais_comidista","any","outstream","Outv","richaudience"
"1O24PfrvSX","prisa","elpais_elviajero","any","outstream","Outv","richaudience"
"BbQPsv9qGV","prisa","elpais_finanzas_cincodias","any","outstream","Outv.5","richaudience"
"gW9MEUh41N","prisa","elpais_finanzas_economia","any","outstream","Outv","richaudience"
"1fBRQDEfdH","prisa","elpais_finanzas_retina","any","outstream","Outv","richaudience"
"WEnoszeSmW","prisa","elpais_icon_design","any","outstream","Outv","richaudience"
"32pT8Wt1XJ","prisa","elpais_icon","any","outstream","Outv","richaudience"
"mJEPBgPs0M","prisa","elpais_juegos","mob","display","ldb.1","richaudience"
"1WfYdG7QB1","prisa","elpais_juegos","mob","display","mpu.1","richaudience"
"GaXy47ygXK","prisa","elpais_juegos","mob","display","mpu.3","richaudience"
"iopK5aBwTD","prisa","elpais_juegos","mob","display","stk","richaudience"
"TzyCiayrCg","prisa","elpais_juegos","mob","skin","Skin","richaudience"
"1P6Mxjmkad","prisa","elpais_juegos","web","display","ldb.1","richaudience"
"GVbW06FkAw","prisa","elpais_juegos","web","display","ldb.2","richaudience"
"yNmHvnW4gK","prisa","elpais_juegos","web","display","mpu.1","richaudience"
"167NFuWDMw","prisa","elpais_juegos","web","display","mpu.2","richaudience"
"mPtUvEwJhl","prisa","elpais_juegos","web","skin","Skin","richaudience"
"bg6SjOclTg","prisa","elpais_librotea","mob","display","ldb.1","richaudience"
"TpEC12ELg3","prisa","elpais_librotea","mob","display","mpu.1","richaudience"
"Sb1YuHnpxW","prisa","elpais_librotea","mob","display","mpu.2","richaudience"
"0j5bDY4zUK","prisa","elpais_librotea","mob","display","mpu.3","richaudience"
"0WZCwdpVSZ","prisa","elpais_librotea","mob","display","stk","richaudience"
"TatdieX3Jf","prisa","elpais_librotea","any","skin","Skin","richaudience"
"86dIfmXqih","prisa","elpais_librotea","web","display","ldb.1","richaudience"
"L1P6F317kI","prisa","elpais_librotea","web","display","mpu.1","richaudience"
"zFAxVmaQDe","prisa","elpais_librotea","web","display","mpu.2","richaudience"
"02bHyVBvzY","prisa","elpais_librotea","web","display","mpu.3","richaudience"
"1HBuan3Wqd","prisa","elpais_motor","any","outstream","Outv","richaudience"
"j7YVOshRZ7","prisa","elpais_tentaciones","any","outstream","Outv","richaudience"
"U9AJcblOU1","prisa","elpais_verne","any","outstream","Outv","richaudience"
"hGSpVkIBr0","prisa","elpais","any","display","ldb.1","richaudience"
"11MP163aMg","prisa","elpais","any","display","ldb.2","richaudience"
"rZHCs12obt","prisa","elpais","any","display","mpu.1","richaudience"
"KyVIAfmQ8A","prisa","elpais","any","display","mpu.2","richaudience"
"1vdo44X6kg","prisa","elpais","any","display","mpu.3","richaudience"
"FDro8Pwf52","prisa","elpais","any","display","mpu.4","richaudience"
"0Bm95dDmef","prisa","elpais","any","display","mpu.5","richaudience"
"0iIaa1nAmM","prisa","elpais","any","instream","Prev","richaudience"
"1dQjIuR5yp","prisa","elpais","any","instream","Prev","richaudience"
"dwvs0ChjYZ","prisa","elpais","mob","display","ldb.1","richaudience"
"H07T7Jog0v","prisa","elpais","mob","display","ldb.2","richaudience"
"0WUZ4vaQvA","prisa","elpais","mob","display","ldb.3","richaudience"
"05Llek8GhO","prisa","elpais","mob","display","mpu.2","richaudience"
"0eJRU42SZB","prisa","elpais","mob","display","mpu.3","richaudience"
"0ubbP8kCi7","prisa","elpais","mob","display","mpu.4","richaudience"
"zkUZuzwaMC","prisa","elpais","mob","display","mpu.5","richaudience"
"7vITBpcyqB","prisa","elpais","mob","display","mpu.6","richaudience"
"T6lDmRUOKa","prisa","elpais","mob","skin","Skin","richaudience"
"1g8D1WHplR","prisa","elpais","any","outstream","Outv","richaudience"
"17BgHK1EUi","prisa","elpais","any","outstream","Outv","richaudience"
"VaK42z3Wup","prisa","elpais","any","outstream","Outv","richaudience"
"7fXj1w5lIY","prisa","elpais","any","outstream","Outv","richaudience"
"FQb2Xfnvci","prisa","elpais","any","outstream","Outv","richaudience"
"19wqZRha3O","prisa","elpais","any","outstream","Outv","richaudience"
"Dj9UVL6igN","prisa","elpais","any","outstream","Outv","richaudience"
"2qozCZt5e5","prisa","elpais","any","outstream","Outv","richaudience"
"0LjPvo6gCJ","prisa","elpais","any","skin","Skin","richaudience"
"7tjJAYXuRo","prisa","elpais","any","skin","Skin","richaudience"
"Kn3YV8FfrI","prisa","elpais","web","display","ldb.1","richaudience"
"ApakULYsbG","prisa","elpais","web","display","ldb.2","richaudience"
"DUbX5rtYkz","prisa","elpais","web","display","ldb.3","richaudience"
"gBcHJETogm","prisa","elpais","web","display","ldb.4","richaudience"
"MLq6AAdZZe","prisa","elpais","web","display","ldb.5","richaudience"
"0CJct7Dhz4","prisa","elpais","web","display","mpu.1","richaudience"
"ZTivAlabqB","prisa","elpais","web","display","mpu.2","richaudience"
"06LAnBqzCx","prisa","elpais","web","display","mpu.3","richaudience"
"0ezdWii073","prisa","elpais","web","display","mpu.4","richaudience"
"y1AUq1lNz1","prisa","elpais","web","display","mpu.5","richaudience"
"0d37XKQoPZ","prisa","elpais","web","display","mpu.6","richaudience"
"0ss6zv7cfS","prisa","huffingtonpost_eltelevisero","mob","display","mpu.1","richaudience"
"aMIcScyzcw","prisa","huffingtonpost_eltelevisero","mob","display","mpu.2","richaudience"
"4hvRSgKvt6","prisa","huffingtonpost_eltelevisero","mob","display","stk","richaudience"
"b0xF2qSykF","prisa","huffingtonpost_eltelevisero","any","skin","Skin","richaudience"
"1jFnmImt2R","prisa","huffingtonpost_eltelevisero","web","display","ldb.1","richaudience"
"aPdRSkhJEq","prisa","huffingtonpost_eltelevisero","web","display","mpu.1","richaudience"
"06ewD8VcVp","prisa","huffingtonpost_eltelevisero","web","display","mpu.2","richaudience"
"IHerlusWxp","prisa","huffingtonpost_strambotic","mob","display","ldb.1","richaudience"
"YOU5nyd8pA","prisa","huffingtonpost_strambotic","mob","display","mpu.1","richaudience"
"arhd0feGuz","prisa","huffingtonpost_strambotic","mob","display","mpu.2","richaudience"
"0GgzuMXGF6","prisa","huffingtonpost_strambotic","mob","display","mpu.3","richaudience"
"D5ERVhE5Fd","prisa","huffingtonpost_strambotic","mob","display","mpu.4","richaudience"
"0zUYrjeT6H","prisa","huffingtonpost_strambotic","mob","display","mpu.5","richaudience"
"1VovU6lJ6G","prisa","huffingtonpost_strambotic","mob","display","stk","richaudience"
"HxoNMzXGwn","prisa","huffingtonpost_strambotic","mob","skin","Skin","richaudience"
"1kyonuVhQA","prisa","huffingtonpost_strambotic","any","outstream","Outv","richaudience"
"0h2KMRVcCE","prisa","huffingtonpost_strambotic","any","skin","Skin","richaudience"
"0xHl2VrgGd","prisa","huffingtonpost_strambotic","web","display","ldb.1","richaudience"
"00067fGXPV","prisa","huffingtonpost_strambotic","web","display","mpu.1","richaudience"
"neYxwJOZXB","prisa","huffingtonpost_strambotic","web","display","mpu.2","richaudience"
"1U92PtY2pV","prisa","huffingtonpost_strambotic","web","display","mpu.3","richaudience"
"TYn55sfG0U","prisa","huffingtonpost_strambotic","web","display","mpu.4","richaudience"
"1LJP0EZFaV","prisa","huffingtonpost_strambotic","web","display","mpu.5","richaudience"
"1rdtYqI26i","prisa","huffingtonpost","any","display","ldb.1","richaudience"
"5vSlRAgmcq","prisa","huffingtonpost","any","display","ldb.2","richaudience"
"1kS5Q3g32q","prisa","huffingtonpost","any","display","mpu.2","richaudience"
"ZR8yLmUa2j","prisa","huffingtonpost","any","display","mpu.3","richaudience"
"0TWbO1TwS2","prisa","huffingtonpost","any","instream","Prev","richaudience"
"08Q0TqlNIe","prisa","huffingtonpost","mob","display","mpu.1","richaudience"
"Ivdfu6fIvK","prisa","huffingtonpost","mob","display","mpu.2","richaudience"
"1LSY983YWc","prisa","huffingtonpost","mob","display","mpu.3","richaudience"
"1TEcCPPq16","prisa","huffingtonpost","mob","display","mpu.4","richaudience"
"0sx8AC54Hp","prisa","huffingtonpost","mob","display","mpu.5","richaudience"
"x8CFWXhJAs","prisa","huffingtonpost","mob","skin","Skin","richaudience"
"0UgPZN6X38","prisa","huffingtonpost","any","outstream","Outv","richaudience"
"5UIwWBISUC","prisa","huffingtonpost","any","skin","Skin","richaudience"
"0dnEjSRTmU","prisa","huffingtonpost","any","skin","Skin","richaudience"
"edKE8sJDyZ","prisa","huffingtonpost","web","display","ldb.1","richaudience"
"pXCcbTexxV","prisa","huffingtonpost","web","display","ldb.2","richaudience"
"vAG7myzbQW","prisa","huffingtonpost","web","display","ldb.3","richaudience"
"dfA1eEUa4a","prisa","huffingtonpost","web","display","mpu.1","richaudience"
"03yZM2eRDg","prisa","huffingtonpost","web","display","mpu_tablet.1","richaudience"
"11CjraNXR0","prisa","huffingtonpost","web","display","mpu.2","richaudience"
"0BS4W8V8xK","prisa","huffingtonpost","web","display","mpu.3","richaudience"
"p014UTZ9Q2","prisa","huffingtonpost","web","display","mpu.4","richaudience"
"04e5qTvwmr","prisa","huffingtonpost","web","display","mpu.5","richaudience"
"Nx1u5buBJC","prisa","los40","any","instream","Prev","richaudience"
"1cGTmo44g5","prisa","los40","mob","display","ldb.1","richaudience"
"1Cm6YAkYrg","prisa","los40","mob","display","ldb.2","richaudience"
"1uj4ltCWL9","prisa","los40","mob","display","mpu.1","richaudience"
"0UUPBtRf7A","prisa","los40","mob","display","mpu.2","richaudience"
"dyjguFuhHo","prisa","los40","mob","display","mpu.3","richaudience"
"1UXO60nwvd","prisa","los40","mob","display","mpu.4","richaudience"
"0vh44KIb5W","prisa","los40","mob","display","mpu.5","richaudience"
"1JMU8fl2Ha","prisa","los40","mob","display","mpu.6","richaudience"
"ZckhK6zLvr","prisa","los40","mob","skin","Skin","richaudience"
"0wOuhkorrv","prisa","los40","any","outstream","Outv","richaudience"
"0JBPUaPVW7","prisa","los40","any","skin","Skin","richaudience"
"E4kPszFPcW","prisa","los40","any","skin","Skin","richaudience"
"0cSGR0jHNH","prisa","los40","web","display","ldb.1","richaudience"
"1lYM7ZBQc2","prisa","los40","web","display","ldb.2","richaudience"
"hbPms9NOVl","prisa","los40","web","display","ldb.3","richaudience"
"0tvxwVuBUn","prisa","los40","web","display","ldb.4","richaudience"
"0zkYvX27SL","prisa","los40","web","display","ldb.5","richaudience"
"1cH3YPnKrr","prisa","los40","web","display","mpu.1","richaudience"
"0wCi2N0Z6m","prisa","los40","web","display","mpu.2","richaudience"
"qfOJyLhAGL","prisa","los40","web","display","mpu.3","richaudience"
"sQpJZMYoUO","prisa","los40","web","display","mpu.4","richaudience"
"P9OHOO6CwI","prisa","los40","web","display","mpu.5","richaudience"
"1ig1ex9vdG","prisa","los40","web","display","mpu.6","richaudience"
"01KhE19pZI","prisa","maxima","any","instream","Prev","richaudience"
"zrr7A7QI9S","prisa","meristation","mob","skin","Skin","richaudience"
"0QOlGbOvHo","prisa","meristation","any","outstream","Outv","richaudience"
"0POmFgjSdR","prisa","elpais_smoda","any","outstream","Outv","richaudience"
"0Pb67LGAjC","vocento","abc","any","display","ldb","richaudience"
"Ouh4sSftPO","vocento","abc","any","display","ldb.2","richaudience"
"1v2um8fqpE","vocento","abc","any","display","ldb.3","richaudience"
"1MJR4tSjUq","vocento","abc","any","display","mpu","richaudience"
"PjTjFyZTqG","vocento","abc","any","display","mpu.2","richaudience"
"0GPB8PRvuY","vocento","abc","any","display","mpu.3","richaudience"
"0DX348imAs","vocento","abc","any","display","mpu.4","richaudience"
"3F4S5jjbBK","vocento","abc","any","display","skyd","richaudience"
"0BVjLixZwR","vocento","abc","any","display","skyi","richaudience"
"aWPSnDYDwb","vocento","abc","any","instream","Posv","richaudience"
"0hBKVEB37Q","vocento","abc","any","instream","Prev","richaudience"
"7FSFDOPWfb","vocento","abc","mob","skin","Skin","richaudience"
"1dXe38BYmP","vocento","abc","any","outstream","Outv","richaudience"
"oUrX7wq1fe","vocento","abcsevilla","any","display","ldb","richaudience"
"6yN3E6CIno","vocento","abcsevilla","any","display","ldb.2","richaudience"
"1fbl3wZOYY","vocento","abcsevilla","any","display","ldb.3","richaudience"
"9VGRJAk4gn","vocento","abcsevilla","any","display","mpu","richaudience"
"0vvXJrP5q0","vocento","abcsevilla","any","display","mpu.2","richaudience"
"01CvvnmONZ","vocento","abcsevilla","any","display","mpu.3","richaudience"
"W0GpwQQ6hu","vocento","abcsevilla","any","display","mpu.4","richaudience"
"1QG1fGWOW4","vocento","abcsevilla","any","display","skyd","richaudience"
"02whNNTfwq","vocento","abcsevilla","any","display","skyi","richaudience"
"5OZScBVWfi","vocento","abcsevilla","any","instream","Posv","richaudience"
"K4YVrnWbSv","vocento","abcsevilla","any","instream","Posv","richaudience"
"gyGnVG8bjo","vocento","abcsevilla","any","instream","Prev","richaudience"
"rzl87oeXKF","vocento","abcsevilla","any","instream","Prev","richaudience"
"1HIgYrENXs","vocento","abcsevilla","any","outstream","Outv","richaudience"
"k0vGlCGOOq","vocento","abcsevilla","any","skin","Skin","richaudience"
"rbEoVekzhr","vocento","abc","any","skin","Skin","richaudience"
"AJxPYeG7IG","vocento","abc","any","skin","Skin","richaudience"
"0uF55ShPXB","vocento","burgosconecta","any","display","ldb","richaudience"
"ueb4CH5ecb","vocento","burgosconecta","any","display","ldb.2","richaudience"
"1lUsBICYZ6","vocento","burgosconecta","any","display","ldb.3","richaudience"
"0cGhAq7MyR","vocento","burgosconecta","any","display","ldb.4","richaudience"
"1ZyslNSZwP","vocento","burgosconecta","any","display","ldb.5","richaudience"
"wk4sGHmKEu","vocento","burgosconecta","any","display","ldb_local","richaudience"
"1PLCFbR5o2","vocento","burgosconecta","any","display","ldb_local.2","richaudience"
"0xFBd7rdhf","vocento","burgosconecta","any","display","ldb_local.3","richaudience"
"1LyQrhJUI7","vocento","burgosconecta","any","display","ldb_local.4","richaudience"
"SYeOwLH8I8","vocento","burgosconecta","any","display","ldb_local.5","richaudience"
"mWImE7hXsD","vocento","burgosconecta","any","display","mpu","richaudience"
"0DbMvyZq18","vocento","burgosconecta","any","display","mpu.10","richaudience"
"55NC7fRBNw","vocento","burgosconecta","any","display","mpu.2","richaudience"
"1WkkuKxmhm","vocento","burgosconecta","any","display","mpu.3","richaudience"
"Qu1kKOsVqN","vocento","burgosconecta","any","display","mpu.4","richaudience"
"R04D4SdscU","vocento","burgosconecta","any","display","mpu.5","richaudience"
"1XbcaNceBm","vocento","burgosconecta","any","display","mpu.6","richaudience"
"0vaAriKFUi","vocento","burgosconecta","any","display","mpu.7","richaudience"
"1mxyjYhUwC","vocento","burgosconecta","any","display","mpu.8","richaudience"
"1G9Byfqe6W","vocento","burgosconecta","any","display","mpu.9","richaudience"
"vttEj7qS0c","vocento","burgosconecta","any","display","mpu_local","richaudience"
"0LD9UFRQRj","vocento","burgosconecta","any","display","mpu_local.10","richaudience"
"1yNTLLH3Cn","vocento","burgosconecta","any","display","mpu_local.2","richaudience"
"0WwcoIXQVF","vocento","burgosconecta","any","display","mpu_local.3","richaudience"
"1QHMwElqwW","vocento","burgosconecta","any","display","mpu_local.4","richaudience"
"10safL9xC1","vocento","burgosconecta","any","display","mpu_local.5","richaudience"
"9Fwooql4SU","vocento","burgosconecta","any","display","mpu_local.6","richaudience"
"0XeVylCxbW","vocento","burgosconecta","any","display","mpu_local.7","richaudience"
"yDmryYL8uu","vocento","burgosconecta","any","display","mpu_local.8","richaudience"
"H5AdqQCnJe","vocento","burgosconecta","any","display","mpu_local.9","richaudience"
"R4gRHJ1bM4","vocento","burgosconecta","any","display","skyd","richaudience"
"0gILch9WhV","vocento","burgosconecta","any","display","skyi","richaudience"
"ETezkXBzAA","vocento","burgosconecta","any","instream","Posv","richaudience"
"06H7eon2G8","vocento","burgosconecta","any","instream","Prev","richaudience"
"1HXkUkuBXL","vocento","burgosconecta","any","outstream","Outv","richaudience"
"a09lhED8rf","vocento","burgosconecta","any","skin","Skin","richaudience"
"Cz0IQJHtVv","vocento","burgosconecta","any","skin","Skin","richaudience"
"0IcrSCmq8K","vocento","codigounico","any","display","ldb","richaudience"
"VTFFvYwSsC","vocento","codigounico","any","display","ldb.2","richaudience"
"yFDaODJLA0","vocento","codigounico","any","display","mpu","richaudience"
"1l4v9mJDxW","vocento","codigounico","any","display","mpu.2","richaudience"
"1Y0gniTjt8","vocento","codigounico","any","display","mpu.3","richaudience"
"0VQlHwUK3N","vocento","codigounico","any","outstream","Outv","richaudience"
"xjEJ4lnwLP","vocento","diariosur","any","display","ldb","richaudience"
"1QvRuU11Cb","vocento","diariosur","any","display","ldb.2","richaudience"
"1EWpsP6153","vocento","diariosur","any","display","ldb.3","richaudience"
"ojYtFjtS0H","vocento","diariosur","any","display","ldb.4","richaudience"
"1wZcZo51KB","vocento","diariosur","any","display","ldb.5","richaudience"
"12ym5fRj3y","vocento","diariosur","any","display","ldb_local","richaudience"
"WEGYZn9vHd","vocento","diariosur","any","display","ldb_local.2","richaudience"
"Bexcg51zEJ","vocento","diariosur","any","display","ldb_local.3","richaudience"
"1BdohYc7QG","vocento","diariosur","any","display","ldb_local.4","richaudience"
"ULYEt4Fk8Q","vocento","diariosur","any","display","ldb_local.5","richaudience"
"V7eIS5BoRj","vocento","diariosur","any","display","mpu","richaudience"
"090FXnrMer","vocento","diariosur","any","display","mpu.10","richaudience"
"06034fc3cm","vocento","diariosur","any","display","mpu.2","richaudience"
"1KohxtCsUx","vocento","diariosur","any","display","mpu.3","richaudience"
"dJmb4HqFD7","vocento","diariosur","any","display","mpu.4","richaudience"
"1krjR8enlG","vocento","diariosur","any","display","mpu.5","richaudience"
"1bhDfUUcb6","vocento","diariosur","any","display","mpu.6","richaudience"
"1Iotv7XJT0","vocento","diariosur","any","display","mpu.7","richaudience"
"BbKyZhrVBI","vocento","diariosur","any","display","mpu.8","richaudience"
"0nTeQcjxvR","vocento","diariosur","any","display","mpu.9","richaudience"
"1s4Ypvk8lG","vocento","diariosur","any","display","mpu_local","richaudience"
"x3kFrBC52x","vocento","diariosur","any","display","mpu_local.10","richaudience"
"HLM64JKpKC","vocento","diariosur","any","display","mpu_local.2","richaudience"
"0Mnyvz4kli","vocento","diariosur","any","display","mpu_local.3","richaudience"
"1cq4Owiayv","vocento","diariosur","any","display","mpu_local.4","richaudience"
"tc96PFzmYB","vocento","diariosur","any","display","mpu_local.5","richaudience"
"0Iiy3U77YQ","vocento","diariosur","any","display","mpu_local.6","richaudience"
"V5tyYkZDTf","vocento","diariosur","any","display","mpu_local.7","richaudience"
"8ay7wXpSYq","vocento","diariosur","any","display","mpu_local.8","richaudience"
"417A2hzYTY","vocento","diariosur","any","display","mpu_local.9","richaudience"
"7PBsXV8Ai7","vocento","diariosur","any","display","skyd","richaudience"
"1KL6jbxxpQ","vocento","diariosur","any","display","skyi","richaudience"
"0xa7HzW2Df","vocento","diariosur","any","instream","Posv","richaudience"
"0DbmRiYnbN","vocento","diariosur","any","instream","Prev","richaudience"
"fQH7m2IYnt","vocento","diariosur","any","outstream","Outv","richaudience"
"1hos8PS7iq","vocento","diariosur","any","skin","Skin","richaudience"
"7mPG0akgWU","vocento","diariosur","any","skin","Skin","richaudience"
"8mg5vs7LXg","vocento","diariovasco","any","display","ldb","richaudience"
"1IcBv8zljf","vocento","diariovasco","any","display","ldb.2","richaudience"
"0GcRihMH6L","vocento","diariovasco","any","display","ldb.3","richaudience"
"cdWWAwbY8o","vocento","diariovasco","any","display","ldb.4","richaudience"
"IV3vxGBGor","vocento","diariovasco","any","display","ldb.5","richaudience"
"a0CUNiT2gT","vocento","diariovasco","any","display","ldb_local","richaudience"
"1RYJR16H24","vocento","diariovasco","any","display","ldb_local.2","richaudience"
"0EFbRjQz8Y","vocento","diariovasco","any","display","ldb_local.3","richaudience"
"0lNh6panSt","vocento","diariovasco","any","display","ldb_local.4","richaudience"
"0D7HFZwzyc","vocento","diariovasco","any","display","ldb_local.5","richaudience"
"dKFX9jhHcg","vocento","diariovasco","any","display","mpu","richaudience"
"AdCr2JdBrD","vocento","diariovasco","any","display","mpu.10","richaudience"
"oISCuZoXsU","vocento","diariovasco","any","display","mpu.2","richaudience"
"5a62WrR4iP","vocento","diariovasco","any","display","mpu.3","richaudience"
"1Oc9zUS3wD","vocento","diariovasco","any","display","mpu.4","richaudience"
"0G0WOKCuza","vocento","diariovasco","any","display","mpu.5","richaudience"
"kxcyxTiteo","vocento","diariovasco","any","display","mpu.6","richaudience"
"VxCEwJu29u","vocento","diariovasco","any","display","mpu.7","richaudience"
"0OS7BCDoSr","vocento","diariovasco","any","display","mpu.8","richaudience"
"19x93qXG2g","vocento","diariovasco","any","display","mpu.9","richaudience"
"0T6uWrSPKK","vocento","diariovasco","any","display","mpu_local","richaudience"
"rW5JP9g7rb","vocento","diariovasco","any","display","mpu_local.10","richaudience"
"1vzwsAMQVh","vocento","diariovasco","any","display","mpu_local.2","richaudience"
"0CMb1XWr96","vocento","diariovasco","any","display","mpu_local.3","richaudience"
"1vXHo6gniH","vocento","diariovasco","any","display","mpu_local.4","richaudience"
"1PpeJlZPCa","vocento","diariovasco","any","display","mpu_local.5","richaudience"
"Nm9fZFYH0W","vocento","diariovasco","any","display","mpu_local.6","richaudience"
"p0py7k1RK7","vocento","diariovasco","any","display","mpu_local.7","richaudience"
"wpHCdKq29p","vocento","diariovasco","any","display","mpu_local.8","richaudience"
"T2WZHxNDdG","vocento","diariovasco","any","display","mpu_local.9","richaudience"
"3HjF4MM0IU","vocento","diariovasco","any","display","skyd","richaudience"
"MKAiEHP4fR","vocento","diariovasco","any","display","skyi","richaudience"
"1a7Nncm8YQ","vocento","diariovasco","any","instream","Posv","richaudience"
"gj2j5DEkPb","vocento","diariovasco","any","instream","Prev","richaudience"
"YaSZUW9BSK","vocento","diariovasco","any","outstream","Outv","richaudience"
"0zzYCk6mZR","vocento","diariovasco","any","skin","Skin","richaudience"
"wy0JNRcCII","vocento","diariovasco","any","skin","Skin","richaudience"
"0wvWsTJt2B","vocento","elbierzonoticias","any","outstream","Outv","richaudience"
"1ztS1pu17B","vocento","elbierzonoticias","any","skin","Skin","richaudience"
"04SLgKXd0Y","vocento","elcomercio","any","display","ldb","richaudience"
"1GVGciovlH","vocento","elcomercio","any","display","ldb.2","richaudience"
"1GoshlmAQG","vocento","elcomercio","any","display","ldb.3","richaudience"
"KlI5j03W2z","vocento","elcomercio","any","display","ldb.4","richaudience"
"Tq1gIhaFcZ","vocento","elcomercio","any","display","ldb.5","richaudience"
"0NevNz6EQ5","vocento","elcomercio","any","display","ldb_local","richaudience"
"1SKFmd01bC","vocento","elcomercio","any","display","ldb_local.2","richaudience"
"0AytQl3fmS","vocento","elcomercio","any","display","ldb_local.3","richaudience"
"c1lg2QHNJF","vocento","elcomercio","any","display","ldb_local.4","richaudience"
"12vMWSlZRd","vocento","elcomercio","any","display","ldb_local.5","richaudience"
"0S2tj18p18","vocento","elcomercio","any","display","mpu","richaudience"
"PEukLVy5Y0","vocento","elcomercio","any","display","mpu.10","richaudience"
"1nfvDx1SRf","vocento","elcomercio","any","display","mpu.2","richaudience"
"9kZ8pAEulk","vocento","elcomercio","any","display","mpu.3","richaudience"
"1t0veqoFlf","vocento","elcomercio","any","display","mpu.4","richaudience"
"i5OrXqPVxf","vocento","elcomercio","any","display","mpu.5","richaudience"
"1U0bYtraOq","vocento","elcomercio","any","display","mpu.6","richaudience"
"0Zbj78JZ9T","vocento","elcomercio","any","display","mpu.7","richaudience"
"FrQ1tGQmRQ","vocento","elcomercio","any","display","mpu.8","richaudience"
"DueWdfWGA9","vocento","elcomercio","any","display","mpu.9","richaudience"
"01I3cXkycb","vocento","elcomercio","any","display","mpu_local","richaudience"
"0I88y8ZUsr","vocento","elcomercio","any","display","mpu_local.10","richaudience"
"0jTsOW6KRm","vocento","elcomercio","any","display","mpu_local.2","richaudience"
"0x7lvnRaV7","vocento","elcomercio","any","display","mpu_local.3","richaudience"
"ysBXMNlKSQ","vocento","elcomercio","any","display","mpu_local.4","richaudience"
"09Xg5eqsm0","vocento","elcomercio","any","display","mpu_local.5","richaudience"
"1z9YDteZ3x","vocento","elcomercio","any","display","mpu_local.6","richaudience"
"KACWSLzhkI","vocento","elcomercio","any","display","mpu_local.7","richaudience"
"o96UBZLr2J","vocento","elcomercio","any","display","mpu_local.8","richaudience"
"08E9Q3zacn","vocento","elcomercio","any","display","mpu_local.9","richaudience"
"0MRnqUUmhW","vocento","elcomercio","any","display","skyd","richaudience"
"0AaU2GsUND","vocento","elcomercio","any","display","skyi","richaudience"
"OimWIPCCgr","vocento","elcomercio","any","instream","Posv","richaudience"
"AvjFHvja0L","vocento","elcomercio","any","instream","Prev","richaudience"
"0ZO20yBREm","vocento","elcomercio","any","outstream","Outv","richaudience"
"1knoOWm9MS","vocento","elcomercio","any","skin","Skin","richaudience"
"ynsxM2uy1a","vocento","elcomercio","any","skin","Skin","richaudience"
"0M2bMtKfR3","vocento","elcorreo","any","display","ldb","richaudience"
"0PeHFDUf3A","vocento","elcorreo","any","display","ldb.2","richaudience"
"NXxKwE8VhX","vocento","elcorreo","any","display","ldb.3","richaudience"
"162xzD6DsK","vocento","elcorreo","any","display","ldb.4","richaudience"
"19H9BSonIH","vocento","elcorreo","any","display","ldb.5","richaudience"
"8xlnQ5PFVR","vocento","elcorreo","any","display","ldb_local","richaudience"
"3OzAnE8FTd","vocento","elcorreo","any","display","ldb_local.2","richaudience"
"TAgkgNAnP6","vocento","elcorreo","any","display","ldb_local.3","richaudience"
"LVH9HoWuiD","vocento","elcorreo","any","display","ldb_local.4","richaudience"
"Hxns4xyRwl","vocento","elcorreo","any","display","ldb_local.5","richaudience"
"zOC4Dfb62F","vocento","elcorreo","any","display","mpu","richaudience"
"H1HDrE9wZp","vocento","elcorreo","any","display","mpu.10","richaudience"
"Hv7qO1VKes","vocento","elcorreo","any","display","mpu.2","richaudience"
"0LFdSVTzmv","vocento","elcorreo","any","display","mpu.3","richaudience"
"0zs6Ux0Ifh","vocento","elcorreo","any","display","mpu.4","richaudience"
"0wfHEAxZ47","vocento","elcorreo","any","display","mpu.5","richaudience"
"08oFrBsSR4","vocento","elcorreo","any","display","mpu.6","richaudience"
"3tz4XMxU2q","vocento","elcorreo","any","display","mpu.7","richaudience"
"10BacaV4kR","vocento","elcorreo","any","display","mpu.8","richaudience"
"0tZdsCx3n5","vocento","elcorreo","any","display","mpu.9","richaudience"
"0BgKlpy51j","vocento","elcorreo","any","display","mpu_local","richaudience"
"SPxrzAh3Ig","vocento","elcorreo","any","display","mpu_local.10","richaudience"
"02pWvRBxfC","vocento","elcorreo","any","display","mpu_local.2","richaudience"
"0KP707EQIC","vocento","elcorreo","any","display","mpu_local.3","richaudience"
"kj7WpwNZZx","vocento","elcorreo","any","display","mpu_local.4","richaudience"
"0xuEKvsiGF","vocento","elcorreo","any","display","mpu_local.5","richaudience"
"1UdnTW3Y90","vocento","elcorreo","any","display","mpu_local.6","richaudience"
"tCfFtCATzw","vocento","elcorreo","any","display","mpu_local.7","richaudience"
"0XpcUmobGo","vocento","elcorreo","any","display","mpu_local.8","richaudience"
"dFKkXb7Bi3","vocento","elcorreo","any","display","mpu_local.9","richaudience"
"oQ7T5hs0U2","vocento","elcorreo","any","display","skyd","richaudience"
"31NORjwGUn","vocento","elcorreo","any","display","skyi","richaudience"
"WfLJtaEHA9","vocento","elcorreo","any","instream","Posv","richaudience"
"1DJcMNS3Ms","vocento","elcorreo","any","instream","Prev","richaudience"
"KmInlzSAux","vocento","elcorreo","any","outstream","Outv","richaudience"
"1tp35oe5Ps","vocento","elcorreo","any","skin","Skin","richaudience"
"NP3miDWaK6","vocento","elcorreo","any","skin","Skin","richaudience"
"5IxYUCcYoT","vocento","eldiariomontanes","any","display","ldb","richaudience"
"f1ajTc13VC","vocento","eldiariomontanes","any","display","ldb.2","richaudience"
"vs9ga8eOpz","vocento","eldiariomontanes","any","display","ldb.3","richaudience"
"BCJo41LDJQ","vocento","eldiariomontanes","any","display","ldb.4","richaudience"
"0MZX9juIKT","vocento","eldiariomontanes","any","display","ldb.5","richaudience"
"0N1NgqNx5y","vocento","eldiariomontanes","any","display","ldb_local","richaudience"
"nTjK25Kzx7","vocento","eldiariomontanes","any","display","ldb_local.2","richaudience"
"1d3rGxN1Oo","vocento","eldiariomontanes","any","display","ldb_local.3","richaudience"
"2ESnt2Wmau","vocento","eldiariomontanes","any","display","ldb_local.4","richaudience"
"1MKuUMecN8","vocento","eldiariomontanes","any","display","ldb_local.5","richaudience"
"mIjQMVFKEH","vocento","eldiariomontanes","any","display","mpu","richaudience"
"1XekEcyrJf","vocento","eldiariomontanes","any","display","mpu.10","richaudience"
"1Obw2LtE3U","vocento","eldiariomontanes","any","display","mpu.2","richaudience"
"If2qIP24lm","vocento","eldiariomontanes","any","display","mpu.3","richaudience"
"3RARUg2QDM","vocento","eldiariomontanes","any","display","mpu.4","richaudience"
"1RclvRq5pn","vocento","eldiariomontanes","any","display","mpu.5","richaudience"
"zTrVtUYWHt","vocento","eldiariomontanes","any","display","mpu.6","richaudience"
"YxHx08kuqc","vocento","eldiariomontanes","any","display","mpu.7","richaudience"
"1dLBFEHTBt","vocento","eldiariomontanes","any","display","mpu.8","richaudience"
"5kUK5P8BfC","vocento","eldiariomontanes","any","display","mpu.9","richaudience"
"Y4C3eICkPG","vocento","eldiariomontanes","any","display","mpu_local","richaudience"
"0Tc52AJusL","vocento","eldiariomontanes","any","display","mpu_local.10","richaudience"
"JqFnOtD2Bj","vocento","eldiariomontanes","any","display","mpu_local.2","richaudience"
"1X2WZ1DxWu","vocento","eldiariomontanes","any","display","mpu_local.3","richaudience"
"N5GIH8UFm0","vocento","eldiariomontanes","any","display","mpu_local.4","richaudience"
"y3BOyG263n","vocento","eldiariomontanes","any","display","mpu_local.5","richaudience"
"8pKo3xEGqg","vocento","eldiariomontanes","any","display","mpu_local.6","richaudience"
"14zZNzFEj9","vocento","eldiariomontanes","any","display","mpu_local.7","richaudience"
"X4NYSVsVxg","vocento","eldiariomontanes","any","display","mpu_local.8","richaudience"
"rtc6EjL3Vl","vocento","eldiariomontanes","any","display","mpu_local.9","richaudience"
"0EMtNO5Tpk","vocento","eldiariomontanes","any","display","skyd","richaudience"
"0sXYcD6mhs","vocento","eldiariomontanes","any","display","skyi","richaudience"
"1yX0ESlfdt","vocento","eldiariomontanes","any","instream","Posv","richaudience"
"o2ixhjlWkv","vocento","eldiariomontanes","any","instream","Prev","richaudience"
"h1ShwjXTB1","vocento","eldiariomontanes","any","outstream","Outv","richaudience"
"gtl3KfBGZO","vocento","eldiariomontanes","any","skin","Skin","richaudience"
"OXL7RhjxiD","vocento","eldiariomontanes","any","skin","Skin","richaudience"
"W4HXDz4wNW","vocento","elnortedecastilla","any","display","ldb","richaudience"
"1HupwQNhcZ","vocento","elnortedecastilla","any","display","ldb.2","richaudience"
"0OEXxRLmDm","vocento","elnortedecastilla","any","display","ldb.3","richaudience"
"1piJglhUXm","vocento","elnortedecastilla","any","display","ldb.4","richaudience"
"1MGv51pDRZ","vocento","elnortedecastilla","any","display","ldb.5","richaudience"
"FmgZ4tAdKf","vocento","elnortedecastilla","any","display","ldb_local","richaudience"
"m0qqjspRwy","vocento","elnortedecastilla","any","display","ldb_local.2","richaudience"
"1PdvnllS4E","vocento","elnortedecastilla","any","display","ldb_local.3","richaudience"
"1bNGRyaNaj","vocento","elnortedecastilla","any","display","ldb_local.4","richaudience"
"1VputaGftT","vocento","elnortedecastilla","any","display","ldb_local.5","richaudience"
"0J4A0QAWvV","vocento","elnortedecastilla","any","display","mpu","richaudience"
"1LJULnKfHg","vocento","elnortedecastilla","any","display","mpu.10","richaudience"
"CjPXfa7sNG","vocento","elnortedecastilla","any","display","mpu.2","richaudience"
"EFrS8Tv5lH","vocento","elnortedecastilla","any","display","mpu.3","richaudience"
"0tJ8ppyrNk","vocento","elnortedecastilla","any","display","mpu.4","richaudience"
"VFX5v3i0L2","vocento","elnortedecastilla","any","display","mpu.5","richaudience"
"NDZHV61co2","vocento","elnortedecastilla","any","display","mpu.6","richaudience"
"88uDsvKTAa","vocento","elnortedecastilla","any","display","mpu.7","richaudience"
"gd0E2lRB53","vocento","elnortedecastilla","any","display","mpu.8","richaudience"
"Kvn2c90CuX","vocento","elnortedecastilla","any","display","mpu.9","richaudience"
"1kto6ftMT0","vocento","elnortedecastilla","any","display","mpu_local","richaudience"
"0fL4MMmTiy","vocento","elnortedecastilla","any","display","mpu_local.10","richaudience"
"jP2Hxy64eW","vocento","elnortedecastilla","any","display","mpu_local.2","richaudience"
"0pFTcxOfiF","vocento","elnortedecastilla","any","display","mpu_local.3","richaudience"
"1jPABz5VDK","vocento","elnortedecastilla","any","display","mpu_local.4","richaudience"
"14ZBhT7GHY","vocento","elnortedecastilla","any","display","mpu_local.5","richaudience"
"4s2TIQS1Ct","vocento","elnortedecastilla","any","display","mpu_local.6","richaudience"
"GRQXFCtZeq","vocento","elnortedecastilla","any","display","mpu_local.7","richaudience"
"0hnVM4t1wF","vocento","elnortedecastilla","any","display","mpu_local.8","richaudience"
"WzDg43606V","vocento","elnortedecastilla","any","display","mpu_local.9","richaudience"
"1XE0Ic3KsP","vocento","elnortedecastilla","any","display","skyd","richaudience"
"2rK66g4iQW","vocento","elnortedecastilla","any","display","skyi","richaudience"
"ElFrX5ClOW","vocento","elnortedecastilla","any","instream","Posv","richaudience"
"AnYRQMCGvt","vocento","elnortedecastilla","any","instream","Prev","richaudience"
"iVpNDuf2G1","vocento","elnortedecastilla","any","outstream","Outv","richaudience"
"3590qZMMaq","vocento","elnortedecastilla","any","skin","Skin","richaudience"
"1nT3Z9sjxj","vocento","elnortedecastilla","any","skin","Skin","richaudience"
"5T404uGEpb","vocento","elnortedecastilla","any","skin","Skin","richaudience"
"0zVpHDhwUe","vocento","hoy","any","display","ldb","richaudience"
"g2JLCInHdx","vocento","hoy","any","display","ldb.2","richaudience"
"a1WeQgJMIs","vocento","hoy","any","display","ldb.3","richaudience"
"20A4BCG2rA","vocento","hoy","any","display","ldb.4","richaudience"
"PhDemF1jrE","vocento","hoy","any","display","ldb.5","richaudience"
"HlU7Ns2eRY","vocento","hoy","any","display","ldb_local","richaudience"
"lyPSyJzrML","vocento","hoy","any","display","ldb_local.2","richaudience"
"1pSdNnzEVE","vocento","hoy","any","display","ldb_local.3","richaudience"
"090i2XDMMo","vocento","hoy","any","display","ldb_local.4","richaudience"
"onXur19VCG","vocento","hoy","any","display","ldb_local.5","richaudience"
"bXpmieEtDq","vocento","hoy","any","display","mpu","richaudience"
"yYNMgCik4H","vocento","hoy","any","display","mpu.10","richaudience"
"ndpvc32E4A","vocento","hoy","any","display","mpu.2","richaudience"
"0AvztrReve","vocento","hoy","any","display","mpu.3","richaudience"
"0y5h1zSQhM","vocento","hoy","any","display","mpu.4","richaudience"
"vjU5Q2xHzZ","vocento","hoy","any","display","mpu.5","richaudience"
"1P2Iz819Ug","vocento","hoy","any","display","mpu.6","richaudience"
"1ul4vObNUg","vocento","hoy","any","display","mpu.7","richaudience"
"aSL49jqWfA","vocento","hoy","any","display","mpu.8","richaudience"
"EDcZFBxnhO","vocento","hoy","any","display","mpu.9","richaudience"
"1aYJtoxW4Q","vocento","hoy","any","display","mpu_local","richaudience"
"2gZSvynYvN","vocento","hoy","any","display","mpu_local.10","richaudience"
"0vfgo70vV3","vocento","hoy","any","display","mpu_local.2","richaudience"
"0cmzWLRJSC","vocento","hoy","any","display","mpu_local.3","richaudience"
"Eh43YWYLiN","vocento","hoy","any","display","mpu_local.4","richaudience"
"1Dp3ow3sih","vocento","hoy","any","display","mpu_local.5","richaudience"
"mR82q4uel6","vocento","hoy","any","display","mpu_local.6","richaudience"
"0e1QW9ARgV","vocento","hoy","any","display","mpu_local.7","richaudience"
"0b7WyMy2AT","vocento","hoy","any","display","mpu_local.8","richaudience"
"0Ls7CBvZMb","vocento","hoy","any","display","mpu_local.9","richaudience"
"0cjUyHfuSQ","vocento","hoy","any","display","skyd","richaudience"
"G0BH1US4W5","vocento","hoy","any","display","skyi","richaudience"
"0uZnKuFwgY","vocento","hoy","any","instream","Posv","richaudience"
"17vHcrZfeO","vocento","hoy","any","instream","Prev","richaudience"
"2FyCZH2cTW","vocento","hoy","any","outstream","Outv","richaudience"
"1XmdiwD1Ro","vocento","hoy","any","skin","Skin","richaudience"
"kw4zqIQSmZ","vocento","hoy","any","skin","Skin","richaudience"
"05HUgFG5hE","vocento","ideal","any","display","ldb","richaudience"
"0q9IwCO2Ox","vocento","ideal","any","display","ldb.2","richaudience"
"0OvHOoQtNi","vocento","ideal","any","display","ldb.3","richaudience"
"1KdmBPXAn9","vocento","ideal","any","display","ldb.4","richaudience"
"06TYwKFMmN","vocento","ideal","any","display","ldb.5","richaudience"
"1fFa9OSVl1","vocento","ideal","any","display","ldb_local","richaudience"
"cCiNCgLTih","vocento","ideal","any","display","ldb_local.2","richaudience"
"0UPxueH3d5","vocento","ideal","any","display","ldb_local.3","richaudience"
"1rcGv7ude9","vocento","ideal","any","display","ldb_local.4","richaudience"
"lVgTWklGSU","vocento","ideal","any","display","ldb_local.5","richaudience"
"swkg5B5gtW","vocento","ideal","any","display","mpu","richaudience"
"1T0WRmiJX5","vocento","ideal","any","display","mpu.10","richaudience"
"NFWwabXICf","vocento","ideal","any","display","mpu.2","richaudience"
"rRY8uPaaWN","vocento","ideal","any","display","mpu.3","richaudience"
"0M9IJGybgE","vocento","ideal","any","display","mpu.4","richaudience"
"R83drsBj5z","vocento","ideal","any","display","mpu.5","richaudience"
"03GCJrb5Jf","vocento","ideal","any","display","mpu.6","richaudience"
"1hOlUR2Oza","vocento","ideal","any","display","mpu.7","richaudience"
"oyktMoK0Xo","vocento","ideal","any","display","mpu.8","richaudience"
"0gA1cdgh1S","vocento","ideal","any","display","mpu.9","richaudience"
"055hu7gatp","vocento","ideal","any","display","mpu_local","richaudience"
"1g1zlVcMAj","vocento","ideal","any","display","mpu_local.10","richaudience"
"0owqt8BgbN","vocento","ideal","any","display","mpu_local.2","richaudience"
"0HZtj2r88V","vocento","ideal","any","display","mpu_local.3","richaudience"
"CrJnjAuukM","vocento","ideal","any","display","mpu_local.4","richaudience"
"0nM2yJNPbn","vocento","ideal","any","display","mpu_local.5","richaudience"
"14Cibf3aLL","vocento","ideal","any","display","mpu_local.6","richaudience"
"2jt80L8Ahx","vocento","ideal","any","display","mpu_local.7","richaudience"
"POJ4eCbLEe","vocento","ideal","any","display","mpu_local.8","richaudience"
"Fj3dc0jCG8","vocento","ideal","any","display","mpu_local.9","richaudience"
"1u3QUzNGkC","vocento","ideal","any","display","skyd","richaudience"
"cJW6qq606z","vocento","ideal","any","display","skyi","richaudience"
"0v39ar81yp","vocento","ideal","any","instream","Posv","richaudience"
"1hcNW7mW3v","vocento","ideal","any","instream","Prev","richaudience"
"WK6yAPaZXM","vocento","ideal","any","outstream","Outv","richaudience"
"06l0EEtxvJ","vocento","ideal","any","skin","Skin","richaudience"
"1M8B0IshWN","vocento","ideal","any","skin","Skin","richaudience"
"KWfnabKms1","vocento","ideal","any","skin","Skin","richaudience"
"1HFZgQDzR3","vocento","larioja","any","display","ldb","richaudience"
"UFZBqyEd76","vocento","larioja","any","display","ldb.2","richaudience"
"KUt6F9oyvO","vocento","larioja","any","display","ldb.3","richaudience"
"I4eVyeIIWc","vocento","larioja","any","display","ldb.4","richaudience"
"1aIwQtVOYP","vocento","larioja","any","display","ldb.5","richaudience"
"0ng0WyYEnD","vocento","larioja","any","display","ldb_local","richaudience"
"0uUzTjuKwA","vocento","larioja","any","display","ldb_local.2","richaudience"
"00ifgCospF","vocento","larioja","any","display","ldb_local.3","richaudience"
"Cp7DjXz4Ta","vocento","larioja","any","display","ldb_local.4","richaudience"
"tbErk0v2Hz","vocento","larioja","any","display","ldb_local.5","richaudience"
"183020iHuO","vocento","larioja","any","display","mpu","richaudience"
"0MhRl7nsvW","vocento","larioja","any","display","mpu.10","richaudience"
"0hUJouNMYx","vocento","larioja","any","display","mpu.2","richaudience"
"VHAy39wMem","vocento","larioja","any","display","mpu.3","richaudience"
"tOdI5m1faq","vocento","larioja","any","display","mpu.4","richaudience"
"BEQOwt0v6a","vocento","larioja","any","display","mpu.5","richaudience"
"zMDDsQSAHe","vocento","larioja","any","display","mpu.6","richaudience"
"1a0pHr1FfS","vocento","larioja","any","display","mpu.7","richaudience"
"caLiGJO033","vocento","larioja","any","display","mpu.8","richaudience"
"1myH0Ufkn5","vocento","larioja","any","display","mpu.9","richaudience"
"0WergkS9LP","vocento","larioja","any","display","mpu_local","richaudience"
"nR9IIjQZo0","vocento","larioja","any","display","mpu_local.10","richaudience"
"oYRMyTh6dL","vocento","larioja","any","display","mpu_local.2","richaudience"
"PGxe1m7QGy","vocento","larioja","any","display","mpu_local.3","richaudience"
"uPk4916Afi","vocento","larioja","any","display","mpu_local.4","richaudience"
"i9TQYPIPBp","vocento","larioja","any","display","mpu_local.5","richaudience"
"SvQqTroCRG","vocento","larioja","any","display","mpu_local.6","richaudience"
"VsM85lsTWb","vocento","larioja","any","display","mpu_local.7","richaudience"
"1AAd1q4TVP","vocento","larioja","any","display","mpu_local.8","richaudience"
"1o1hemblmn","vocento","larioja","any","display","mpu_local.9","richaudience"
"KWtvDyJxeQ","vocento","larioja","any","display","skyd","richaudience"
"1pmobbL2d8","vocento","larioja","any","display","skyi","richaudience"
"0PJ5KsFboi","vocento","larioja","any","instream","Posv","richaudience"
"RQbkIQr9JR","vocento","larioja","any","instream","Prev","richaudience"
"lBxPu8vR9A","vocento","larioja","mob","skin","Skin","richaudience"
"1Jknci83Gu","vocento","larioja","any","outstream","Outv","richaudience"
"0DVjtkQLLL","vocento","larioja","any","skin","Skin","richaudience"
"0foiFyozCW","vocento","larioja","any","skin","Skin","richaudience"
"9ud3EZg9KL","vocento","lasprovincias","any","display","ldb","richaudience"
"03RtuutWve","vocento","lasprovincias","any","display","ldb.2","richaudience"
"Wf7aHQ8a3v","vocento","lasprovincias","any","display","ldb.3","richaudience"
"0fxK7bg2Bh","vocento","lasprovincias","any","display","ldb.4","richaudience"
"ux6XyAAtgh","vocento","lasprovincias","any","display","ldb.5","richaudience"
"KVxTVAaF5w","vocento","lasprovincias","any","display","ldb_local","richaudience"
"XI2x5Vtgsy","vocento","lasprovincias","any","display","ldb_local.2","richaudience"
"00pdICXkjG","vocento","lasprovincias","any","display","ldb_local.3","richaudience"
"119z8071BO","vocento","lasprovincias","any","display","ldb_local.4","richaudience"
"UBenNj5tnH","vocento","lasprovincias","any","display","ldb_local.5","richaudience"
"12tnXtttrT","vocento","lasprovincias","any","display","mpu","richaudience"
"1B7vRrECaj","vocento","lasprovincias","any","display","mpu.10","richaudience"
"1g1OLJBPcz","vocento","lasprovincias","any","display","mpu.2","richaudience"
"Yc3deQol2A","vocento","lasprovincias","any","display","mpu.3","richaudience"
"0UzhcEyi9Q","vocento","lasprovincias","any","display","mpu.4","richaudience"
"1FNbTzMdRA","vocento","lasprovincias","any","display","mpu.5","richaudience"
"ciq2grfWle","vocento","lasprovincias","any","display","mpu.6","richaudience"
"AmoxhYrG3M","vocento","lasprovincias","any","display","mpu.7","richaudience"
"w8TED6onEz","vocento","lasprovincias","any","display","mpu.8","richaudience"
"xRtMGDnJXr","vocento","lasprovincias","any","display","mpu.9","richaudience"
"lq59KI2o5k","vocento","lasprovincias","any","display","mpu_local","richaudience"
"0DYzMXYqOs","vocento","lasprovincias","any","display","mpu_local.10","richaudience"
"020n1Uqkhq","vocento","lasprovincias","any","display","mpu_local.2","richaudience"
"0qBqHeZNU9","vocento","lasprovincias","any","display","mpu_local.3","richaudience"
"09S4dBgbhQ","vocento","lasprovincias","any","display","mpu_local.4","richaudience"
"kPMDvTTW40","vocento","lasprovincias","any","display","mpu_local.5","richaudience"
"3bZgFzH2Tc","vocento","lasprovincias","any","display","mpu_local.6","richaudience"
"17kOj0VY2Q","vocento","lasprovincias","any","display","mpu_local.7","richaudience"
"1xhJOEH3hH","vocento","lasprovincias","any","display","mpu_local.8","richaudience"
"hRUwyxh7hk","vocento","lasprovincias","any","display","mpu_local.9","richaudience"
"4ZDMIhgTr7","vocento","lasprovincias","any","display","skyd","richaudience"
"Il2bOFmiED","vocento","lasprovincias","any","display","skyi","richaudience"
"0vhQUCTFhI","vocento","lasprovincias","any","instream","Posv","richaudience"
"0XszcjiVsq","vocento","lasprovincias","any","instream","Prev","richaudience"
"848km1X0I2","vocento","lasprovincias","any","outstream","Outv","richaudience"
"1h3gSkPHsi","vocento","lasprovincias","any","skin","Skin","richaudience"
"hh7GUzDAcA","vocento","lasprovincias","any","skin","Skin","richaudience"
"0RSqEgfIDg","vocento","laverdad","any","display","ldb","richaudience"
"1v3BajNjjh","vocento","laverdad","any","display","ldb.2","richaudience"
"2szgJtniYR","vocento","laverdad","any","display","ldb.3","richaudience"
"1fNRzJF3aX","vocento","laverdad","any","display","ldb.4","richaudience"
"1pM84JDIIq","vocento","laverdad","any","display","ldb.5","richaudience"
"4kMgcG5NE5","vocento","laverdad","any","display","ldb_local","richaudience"
"RDPCCnoIKF","vocento","laverdad","any","display","ldb_local.2","richaudience"
"C1FQzloiOu","vocento","laverdad","any","display","ldb_local.3","richaudience"
"Nw1N7DIEVR","vocento","laverdad","any","display","ldb_local.4","richaudience"
"16ubwdcmIQ","vocento","laverdad","any","display","ldb_local.5","richaudience"
"ez0N3lRa4e","vocento","laverdad","any","display","mpu","richaudience"
"tSsndgaWlY","vocento","laverdad","any","display","mpu.10","richaudience"
"0mlQxKx6j4","vocento","laverdad","any","display","mpu.2","richaudience"
"eT7YN3Ozf1","vocento","laverdad","any","display","mpu.3","richaudience"
"HPuZZ8bPNz","vocento","laverdad","any","display","mpu.4","richaudience"
"FE8s4RLTiJ","vocento","laverdad","any","display","mpu.5","richaudience"
"0CP89higXp","vocento","laverdad","any","display","mpu.6","richaudience"
"La0oJkdTIw","vocento","laverdad","any","display","mpu.7","richaudience"
"0lbe5GTbQy","vocento","laverdad","any","display","mpu.8","richaudience"
"1QXE79VOFI","vocento","laverdad","any","display","mpu.9","richaudience"
"11nEcbEBDy","vocento","laverdad","any","display","mpu_local","richaudience"
"1wIxOl7sgm","vocento","laverdad","any","display","mpu_local.10","richaudience"
"9b6aAhB8vS","vocento","laverdad","any","display","mpu_local.2","richaudience"
"RPu5oJFtlR","vocento","laverdad","any","display","mpu_local.3","richaudience"
"0wnyFv3ntl","vocento","laverdad","any","display","mpu_local.4","richaudience"
"pkimGoAGl6","vocento","laverdad","any","display","mpu_local.5","richaudience"
"0drwMNo6Fp","vocento","laverdad","any","display","mpu_local.6","richaudience"
"1WS8dRsdJo","vocento","laverdad","any","display","mpu_local.7","richaudience"
"pnbOi8woF0","vocento","laverdad","any","display","mpu_local.8","richaudience"
"f2Q5rRIxIW","vocento","laverdad","any","display","mpu_local.9","richaudience"
"78CfbK7CUW","vocento","laverdad","any","display","skyd","richaudience"
"jXCCP2mqog","vocento","laverdad","any","display","skyi","richaudience"
"983L8ojoYg","vocento","laverdad","any","instream","Posv","richaudience"
"Kg9XN4Wy6O","vocento","laverdad","any","instream","Prev","richaudience"
"1aBrNS0rvf","vocento","laverdad","any","outstream","Outv","richaudience"
"WKAjJNNHzU","vocento","laverdad","any","skin","Skin","richaudience"
"f8bH6ApGJa","vocento","laverdad","any","skin","Skin","richaudience"
"kXMntKSizU","vocento","lavozdigital","any","display","ldb","richaudience"
"03QuTy36yM","vocento","lavozdigital","any","display","ldb.2","richaudience"
"vuI8g95wwu","vocento","lavozdigital","any","display","ldb.3","richaudience"
"1xWOHdVfa2","vocento","lavozdigital","any","display","mpu","richaudience"
"5xMSzKoJmP","vocento","lavozdigital","any","display","mpu.2","richaudience"
"0Qg3BrJW3D","vocento","lavozdigital","any","display","mpu.3","richaudience"
"P6X6Ai0v0q","vocento","lavozdigital","any","display","mpu.4","richaudience"
"gnZb3x6x4Y","vocento","lavozdigital","any","display","skyd","richaudience"
"MLobQbT6R5","vocento","lavozdigital","any","display","skyi","richaudience"
"ehziSIYpbY","vocento","lavozdigital","any","instream","Posv","richaudience"
"0I79wxk69W","vocento","lavozdigital","any","instream","Prev","richaudience"
"FSiVRdhC6H","vocento","lavozdigital","any","outstream","Outv","richaudience"
"12SlXrHeSm","vocento","lavozdigital","any","skin","Skin","richaudience"
"iLiymWc4XX","vocento","lavozdigital","any","skin","Skin","richaudience"
"0OUKCsL8Fi","vocento","leonoticias","any","display","ldb","richaudience"
"09yoTezXvo","vocento","leonoticias","any","display","ldb.2","richaudience"
"SSOW09XyVC","vocento","leonoticias","any","display","ldb.3","richaudience"
"Spi1PL09Kh","vocento","leonoticias","any","display","ldb.4","richaudience"
"1FT61aGL3O","vocento","leonoticias","any","display","ldb.5","richaudience"
"1ztPpH7kno","vocento","leonoticias","any","display","ldb_local","richaudience"
"1KHRz4m4ZM","vocento","leonoticias","any","display","ldb_local.2","richaudience"
"Cmgc24JdS8","vocento","leonoticias","any","display","ldb_local.3","richaudience"
"8dXEtk9uPI","vocento","leonoticias","any","display","ldb_local.4","richaudience"
"IHMZHELwjH","vocento","leonoticias","any","display","ldb_local.5","richaudience"
"1JC0ZbhKrk","vocento","leonoticias","any","display","mpu","richaudience"
"1muNG8Wxx2","vocento","leonoticias","any","display","mpu.10","richaudience"
"SvHxwH98SE","vocento","leonoticias","any","display","mpu.2","richaudience"
"4EH5XBiK63","vocento","leonoticias","any","display","mpu.3","richaudience"
"e9vhxZ7MSW","vocento","leonoticias","any","display","mpu.4","richaudience"
"1QlqCDF2e2","vocento","leonoticias","any","display","mpu.5","richaudience"
"kdN1SkkdZj","vocento","leonoticias","any","display","mpu.6","richaudience"
"eVDio9zrRh","vocento","leonoticias","any","display","mpu.7","richaudience"
"tidb9076s1","vocento","leonoticias","any","display","mpu.8","richaudience"
"0Rb24IGR34","vocento","leonoticias","any","display","mpu.9","richaudience"
"NxiZE5N0UA","vocento","leonoticias","any","display","mpu_local","richaudience"
"1Tp0Z5OJXJ","vocento","leonoticias","any","display","mpu_local.10","richaudience"
"0a6mhyjiFL","vocento","leonoticias","any","display","mpu_local.2","richaudience"
"1VtjOew21o","vocento","leonoticias","any","display","mpu_local.3","richaudience"
"ikUBv8Oeub","vocento","leonoticias","any","display","mpu_local.4","richaudience"
"7XdOCn0S3m","vocento","leonoticias","any","display","mpu_local.5","richaudience"
"1KNeqHUNug","vocento","leonoticias","any","display","mpu_local.6","richaudience"
"0oaVXvqRIa","vocento","leonoticias","any","display","mpu_local.7","richaudience"
"V5AY5Eir5t","vocento","leonoticias","any","display","mpu_local.8","richaudience"
"1GbXSWTJ1y","vocento","leonoticias","any","display","mpu_local.9","richaudience"
"1QvQ1UMEMx","vocento","leonoticias","any","display","skyd","richaudience"
"EO5uT8MDTs","vocento","leonoticias","any","display","skyi","richaudience"
"07brhRREq1","vocento","leonoticias","any","instream","Posv","richaudience"
"0JJxK50jsF","vocento","leonoticias","any","instream","Prev","richaudience"
"15n2C41YNd","vocento","leonoticias","any","outstream","Outv","richaudience"
"yshvvVjC17","vocento","leonoticias","any","skin","Skin","richaudience"
"vEV6enGeVm","vocento","leonoticias","any","skin","Skin","richaudience"
"bBKJ4Ixk0t","vocento","mujerhoy","any","display","ldb","richaudience"
"prIGCTW3uP","vocento","mujerhoy","any","display","ldb.2","richaudience"
"Z11pH16HI4","vocento","mujerhoy","any","display","mpu","richaudience"
"bE3SFTcSzM","vocento","mujerhoy","any","display","mpu.2","richaudience"
"Zjyld08fdg","vocento","mujerhoy","any","display","mpu.3","richaudience"
"01JxApNZ2n","vocento","mujerhoy","any","display","mpu.4","richaudience"
"0ttRsJecw2","vocento","mujerhoy","any","display","skyd","richaudience"
"vjLPuclIo5","vocento","mujerhoy","any","display","skyi","richaudience"
"fwV3xSl6Fa","vocento","mujerhoy","any","outstream","Outv","richaudience"
"0f7HtVc9XR","vocento","mujerhoy","any","skin","Skin","richaudience"
"T6SLZHFG32","vocento","mujerhoy","any","skin","Skin","richaudience"
"wD8Sy68YO2","vocento","xlsemanal","any","display","ldb","richaudience"
"I5AWj2EogS","vocento","xlsemanal","any","display","ldb.2","richaudience"
"0570ZFN5y5","vocento","xlsemanal","any","display","mpu","richaudience"
"0JT1opTxBs","vocento","xlsemanal","any","display","mpu.2","richaudience"
"136maNKKSi","vocento","xlsemanal","any","display","mpu.3","richaudience"
"frXno5QLZ9","vocento","xlsemanal","any","display","skyd","richaudience"
"gyGL3AgqO4","vocento","xlsemanal","any","display","skyi","richaudience"
"ot271CKYXE","vocento","xlsemanal","any","outstream","Outv","richaudience"
"le4cBaNozA","vocento","xlsemanal","any","skin","Skin","richaudience"
"1IedaDeK7k","error","msn","any","instream","","richaudience"
"ezTK0Yms1h","error","tropicana","any","instream","","richaudience"
"D8HSRi9okb","prisa","as","mob","skin","skin","richaudience"
"KDP9pr5Mwg","prisa","kebuena","any","outstream","Outv","richaudience"
"P6SptUFgNC","prisa","elpais","mob","display","mldb5","richaudience"